name;email;gender;status
Debee;Debee@gmail.com;Female;Active
Chickie;Chickie@gmail.com;Female;Active
Cassondra;Cassondra@gmail.com;Female;Active
Merry;Merry@gmail.com;Male;Inactive
Julieta;Julieta@gmail.com;Male;Active
Zondra;Zondra@gmail.com;Female;Inactive
Lorie;Lorie@gmail.com;Female;Inactive
Jemie;Jemie@gmail.com;Female;Inactive
Desirae;Desirae@gmail.com;Female;Inactive
Kimmy;Kimmy@gmail.com;Female;Active
Dede;Dede@gmail.com;Female;Inactive
Violet;Violet@gmail.com;Female;Inactive
Valera;Valera@gmail.com;Male;Inactive
Sarette;Sarette@gmail.com;Female;Active
Evita;Evita@gmail.com;Male;Inactive
Merci;Merci@gmail.com;Male;Active
Clementine;Clementine@gmail.com;Male;Inactive
Julieta;Julieta@gmail.com;Female;Inactive
Annabela;Annabela@gmail.com;Female;Active
Misha;Misha@gmail.com;Male;Active
Mara;Mara@gmail.com;Male;Active
Deane;Deane@gmail.com;Female;Active
Ermengarde;Ermengarde@gmail.com;Male;Inactive
Christal;Christal@gmail.com;Male;Active
Sallie;Sallie@gmail.com;Male;Inactive
Dari;Dari@gmail.com;Female;Inactive
Karina;Karina@gmail.com;Female;Inactive
Frieda;Frieda@gmail.com;Female;Active
Nonnah;Nonnah@gmail.com;Male;Active
Margalo;Margalo@gmail.com;Female;Inactive
Kimberley;Kimberley@gmail.com;Female;Active
Belva;Belva@gmail.com;Female;Inactive
Chere;Chere@gmail.com;Female;Inactive
Ottilie;Ottilie@gmail.com;Female;Inactive
Kayla;Kayla@gmail.com;Male;Inactive
Shel;Shel@gmail.com;Female;Inactive
Lorenza;Lorenza@gmail.com;Male;Inactive
Rivalee;Rivalee@gmail.com;Female;Active
Kittie;Kittie@gmail.com;Male;Active
Tonia;Tonia@gmail.com;Female;Active
Katharina;Katharina@gmail.com;Male;Inactive
Mildrid;Mildrid@gmail.com;Female;Active
Arabel;Arabel@gmail.com;Female;Active
Mary;Mary@gmail.com;Male;Inactive
Lacie;Lacie@gmail.com;Female;Active
Joceline;Joceline@gmail.com;Female;Active
Coral;Coral@gmail.com;Male;Active
Roberta;Roberta@gmail.com;Male;Inactive
Kellen;Kellen@gmail.com;Female;Inactive
Mamie;Mamie@gmail.com;Male;Active
Sara-Ann;Sara-Ann@gmail.com;Male;Active
Stephanie;Stephanie@gmail.com;Female;Active
Mariele;Mariele@gmail.com;Female;Inactive
Mariann;Mariann@gmail.com;Male;Inactive
Elsie;Elsie@gmail.com;Male;Inactive
Barbara;Barbara@gmail.com;Male;Inactive
Sara-Ann;Sara-Ann@gmail.com;Female;Inactive
Lynea;Lynea@gmail.com;Female;Inactive
Sashenka;Sashenka@gmail.com;Female;Inactive
Lanna;Lanna@gmail.com;Female;Active
Jobi;Jobi@gmail.com;Male;Active
Ekaterina;Ekaterina@gmail.com;Male;Active
Kassey;Kassey@gmail.com;Male;Inactive
Lita;Lita@gmail.com;Female;Active
Kirstin;Kirstin@gmail.com;Male;Active
Cecile;Cecile@gmail.com;Female;Inactive
Alleen;Alleen@gmail.com;Male;Inactive
Ermengarde;Ermengarde@gmail.com;Female;Active
Gloria;Gloria@gmail.com;Female;Active
Marita;Marita@gmail.com;Male;Active
Jenda;Jenda@gmail.com;Male;Inactive
Ana;Ana@gmail.com;Female;Active
Jenilee;Jenilee@gmail.com;Male;Active
Caryl;Caryl@gmail.com;Male;Active
Minne;Minne@gmail.com;Male;Active
Carree;Carree@gmail.com;Male;Inactive
Claudina;Claudina@gmail.com;Male;Inactive
Sophia;Sophia@gmail.com;Female;Inactive
Binny;Binny@gmail.com;Female;Active
Arlina;Arlina@gmail.com;Female;Active
Margalo;Margalo@gmail.com;Male;Active
Siana;Siana@gmail.com;Female;Inactive
Farrah;Farrah@gmail.com;Female;Active
Cathie;Cathie@gmail.com;Female;Active
Josephine;Josephine@gmail.com;Male;Inactive
Zia;Zia@gmail.com;Female;Active
Suzette;Suzette@gmail.com;Male;Active
Britni;Britni@gmail.com;Female;Inactive
Roxane;Roxane@gmail.com;Female;Active
Malina;Malina@gmail.com;Female;Active
Ebonee;Ebonee@gmail.com;Female;Inactive
Juliane;Juliane@gmail.com;Male;Inactive
Quintina;Quintina@gmail.com;Female;Inactive
Donetta;Donetta@gmail.com;Male;Active
Raf;Raf@gmail.com;Female;Inactive
Eadie;Eadie@gmail.com;Male;Inactive
Karina;Karina@gmail.com;Male;Inactive
Merle;Merle@gmail.com;Male;Inactive
Cherilyn;Cherilyn@gmail.com;Male;Active
Kamilah;Kamilah@gmail.com;Male;Inactive